Episode,Steps,Foods,C1,C2,Eat,Actor,Alpha,Reward,EatEps,PRBBeta,Stuck,OnFoodWaitMax
1,26,2,0.0,0.0,0.0,0.0,0.20000000298023224,-90.61000000000003,0.22399999999999998,0.4,26,0
2,9,0,0.0,0.0,0.0,0.0,0.20000000298023224,-100.09,0.21499999999999997,0.4,9,0
3,38,2,0.0,0.0,0.0,0.0,0.20000000298023224,-104.67999999999995,0.17699999999999994,0.4,38,1
4,21,1,0.0,0.0,0.0,0.0,0.20000000298023224,-99.21000000000001,0.15599999999999992,0.4,21,1
5,31,1,0.0,0.0,0.0,0.0,0.20000000298023224,-99.30999999999999,0.12499999999999989,0.4,31,1
6,28,2,0.0,0.0,0.0,0.0,0.20000000298023224,-92.45999999999998,0.09699999999999986,0.4,28,1
7,14,0,0.0,0.0,0.0,0.0,0.20000000298023224,-100.13999999999999,0.08299999999999985,0.4,14,0
8,18,2,0.0,0.0,0.0,0.0,0.20000000298023224,-99.17999999999998,0.06499999999999984,0.4,18,1
9,14,1,0.0,0.0,0.0,0.0,0.20000000298023224,-100.13999999999999,0.05099999999999982,0.4,14,0
10,21,0,0.0,0.0,0.0,0.0,0.20000000298023224,-100.80999999999997,0.029999999999999805,0.4,21,0
11,13,0,0.0,0.0,0.0,0.0,0.20000000298023224,-100.13,0.02,0.4,13,0
12,36,3,0.0,0.0,0.0,0.0,0.20000000298023224,-99.35999999999999,0.02,0.4,36,1
13,16,1,0.0,0.0,0.0,0.0,0.20000000298023224,-109.15999999999998,0.02,0.4,16,1
14,40,3,0.0,0.0,0.0,0.0,0.20000000298023224,-94.35999999999999,0.02,0.4,40,1
15,15,1,0.0,0.0,0.0,0.0,0.20000000298023224,-92.95,0.02,0.4,15,0
16,26,2,0.0,0.0,0.0,0.0,0.20000000298023224,-99.25999999999999,0.02,0.4,26,1
17,21,1,0.0,0.0,0.0,0.0,0.20000000298023224,-90.21000000000001,0.02,0.4,21,0
18,25,0,0.0,0.0,0.0,0.0,0.20000000298023224,-100.4,0.02,0.4,25,0
19,35,1,0.0,0.0,0.0,0.0,0.20000000298023224,-94.6,0.02,0.4,35,0
20,24,3,0.0,0.0,0.0,0.0,0.20000000298023224,-81.46,0.02,0.4,24,1
21,26,0,0.0,0.0,0.0,0.0,0.20000000298023224,-103.05999999999999,0.02,0.4,26,0
22,51,2,0.0,0.0,0.0,0.0,0.20000000298023224,-101.10999999999999,0.02,0.4,51,2
23,15,1,0.0,0.0,0.0,0.0,0.20000000298023224,-99.14999999999999,0.02,0.4,15,1
24,63,6,0.0,0.0,0.0,0.0,0.20000000298023224,-71.28,0.02,0.4,63,1
25,19,1,0.0,0.0,0.0,0.0,0.20000000298023224,-90.34,0.02,0.4,19,0
26,12,0,0.0,0.0,0.0,0.0,0.20000000298023224,-100.11999999999999,0.02,0.4,12,0
27,36,2,0.0,0.0,0.0,0.0,0.20000000298023224,-80.56000000000002,0.02,0.4,36,0
28,23,1,0.0,0.0,0.0,0.0,0.20000000298023224,-90.22999999999999,0.02,0.4,23,0
29,21,1,0.0,0.0,0.0,0.0,0.20000000298023224,-99.56,0.02,0.4,21,1
30,43,5,0.0,0.0,0.0,0.0,0.20000000298023224,-61.02999999999999,0.02,0.4,43,0
31,51,2,0.0,0.0,0.0,0.0,0.20000000298023224,-91.00999999999998,0.02,0.4,51,0
32,24,1,0.0,0.0,0.0,0.0,0.20000000298023224,-94.13999999999999,0.02,0.4,24,1
33,53,4,0.0,0.0,0.0,0.0,0.20000000298023224,-92.58999999999999,0.02,0.4,53,2
34,16,1,0.0,0.0,0.0,0.0,0.20000000298023224,-100.15999999999997,0.02,0.4,16,0
35,10,1,0.0,0.0,0.0,0.0,0.20000000298023224,-100.09999999999998,0.02,0.4,10,0
36,11,1,0.0,0.0,0.0,0.0,0.20000000298023224,-100.10999999999999,0.02,0.4,11,0
37,13,1,0.0,0.0,0.0,0.0,0.20000000298023224,-103.25,0.02,0.4,13,2
38,42,6,0.0,0.0,0.0,0.0,0.20000000298023224,-71.89999999999999,0.02,0.4,42,1
39,29,2,0.0,0.0,0.0,0.0,0.20000000298023224,-109.88999999999999,0.02,0.4,29,1
40,24,3,0.0,0.0,0.0,0.0,0.20000000298023224,-89.38,0.02,0.4,24,1
41,46,6,0.0,0.0,0.0,0.0,0.20000000298023224,-72.97,0.02,0.4,46,1
42,11,0,0.0,0.0,0.0,0.0,0.20000000298023224,-112.90999999999998,0.02,0.4,11,0
43,31,3,0.0,0.0,0.0,0.0,0.20000000298023224,-82.42999999999999,0.02,0.4,31,1
44,32,2,0.0,0.0,0.0,0.0,0.20000000298023224,-99.31999999999998,0.02,0.4,32,1
45,23,1,0.0,0.0,0.0,0.0,0.20000000298023224,-99.53,0.02,0.4,23,1
46,36,1,0.0,0.0,0.0,0.0,0.20000000298023224,-90.50999999999999,0.02,0.4,36,0
47,22,0,0.0,0.0,0.0,0.0,0.20000000298023224,-110.22,0.02,0.4,22,0
48,43,3,0.0,0.0,0.0,0.0,0.20000000298023224,-102.43,0.02,0.4,43,1
49,36,1,0.0,0.0,0.0,0.0,0.20000000298023224,-96.83999999999995,0.02,0.4,36,2
50,26,2,0.0,0.0,0.0,0.0,0.20000000298023224,-80.25999999999999,0.02,0.4,26,0
51,15,1,0.0,0.0,0.0,0.0,0.20000000298023224,-91.21,0.02,0.4,15,1
52,9,1,0.0,0.0,0.0,0.0,0.20000000298023224,-111.60999999999999,0.02,0.4,9,1
53,20,3,0.0,0.0,0.0,0.0,0.20000000298023224,-98.39999999999998,0.02,0.4,20,1
54,24,2,0.0,0.0,0.0,0.0,0.20000000298023224,-80.24000000000002,0.02,0.4,24,0
55,11,0,0.0,0.0,0.0,0.0,0.20000000298023224,-110.10999999999999,0.02,0.4,11,0
56,17,2,0.0,0.0,0.0,0.0,0.20000000298023224,-90.49999999999999,0.02,0.4,17,1
57,57,5,0.0,0.0,0.0,0.0,0.20000000298023224,-53.900000000000006,0.02,0.4,57,1
58,25,1,0.0,0.0,0.0,0.0,0.20000000298023224,-111.04999999999998,0.02,0.4,25,1
59,30,2,0.0,0.0,0.0,0.0,0.20000000298023224,-83.23999999999998,0.02,0.4,30,1
60,33,1,0.0,0.0,0.0,0.0,0.20000000298023224,-93.88,0.02,0.4,33,0
61,37,3,0.0,0.0,0.0,0.0,0.20000000298023224,-81.73,0.02,0.4,37,1
62,9,0,0.0,0.0,0.0,0.0,0.20000000298023224,-100.09,0.02,0.4,9,0
63,20,1,0.0,0.0,0.0,0.0,0.20000000298023224,-91.85999999999999,0.02,0.4,20,1
64,28,2,0.0,0.0,0.0,0.0,0.20000000298023224,-101.32,0.02,0.4,28,1
65,24,1,0.0,0.0,0.0,0.0,0.20000000298023224,-100.24000000000001,0.02,0.4,24,0
66,20,1,0.0,0.0,0.0,0.0,0.20000000298023224,-100.19999999999999,0.02,0.4,20,0
67,18,2,0.0,0.0,0.0,0.0,0.20000000298023224,-80.18,0.02,0.4,18,0
68,19,0,0.0,0.0,0.0,0.0,0.20000000298023224,-110.33999999999999,0.02,0.4,19,0
69,45,4,0.0,0.0,0.0,0.0,0.20000000298023224,-79.77,0.02,0.4,45,2
70,42,2,0.0,0.0,0.0,0.0,0.20000000298023224,-92.26999999999998,0.02,0.4,42,1
71,20,0,0.0,0.0,0.0,0.0,0.20000000298023224,-100.19999999999999,0.02,0.4,20,0
72,44,3,0.0,0.0,0.0,0.0,0.20000000298023224,-98.18999999999998,0.02,0.4,44,1
73,41,4,0.0,0.0,0.0,0.0,0.20000000298023224,-83.71999999999997,0.02,0.4,41,2
74,17,1,0.0,0.0,0.0,0.0,0.20000000298023224,-100.16999999999999,0.02,0.4,17,0
75,10,1,0.0,0.0,0.0,0.0,0.20000000298023224,-90.1,0.02,0.4,10,0
76,37,3,0.0,0.0,0.0,0.0,0.20000000298023224,-101.32,0.02,0.4,37,2
77,26,3,0.0,0.0,0.0,0.0,0.20000000298023224,-92.91999999999999,0.02,0.4,26,1
78,57,3,0.0,0.0,0.0,0.0,0.20000000298023224,-104.22,0.02,0.4,57,2
79,30,2,0.0,0.0,0.0,0.0,0.20000000298023224,-80.3,0.02,0.4,30,0
80,7,0,0.0,0.0,0.0,0.0,0.20000000298023224,-100.07,0.02,0.4,7,0
81,21,2,0.0,0.0,0.0,0.0,0.20000000298023224,-90.00999999999999,0.02,0.4,21,1
82,40,7,0.0,0.0,0.0,0.0,0.20000000298023224,-52.8,0.02,0.4,40,1
83,22,1,0.0,0.0,0.0,0.0,0.20000000298023224,-99.82,0.02,0.4,22,1
84,21,1,0.0,0.0,0.0,0.0,0.20000000298023224,-92.44999999999999,0.02,0.4,21,1
85,24,3,0.0,0.0,0.0,0.0,0.20000000298023224,-90.52000000000001,0.02,0.4,24,1
86,15,0,0.0,0.0,0.0,0.0,0.20000000298023224,-100.14999999999999,0.02,0.4,15,0
87,30,2,0.0,0.0,0.0,0.0,0.20000000298023224,-91.42,0.02,0.4,30,1
88,29,2,0.0,0.0,0.0,0.0,0.20000000298023224,-108.43999999999998,0.02,0.4,29,1
89,15,1,0.0,0.0,0.0,0.0,0.20000000298023224,-90.14999999999999,0.02,0.4,15,0
90,26,2,0.0,0.0,0.0,0.0,0.20000000298023224,-89.25999999999999,0.02,0.4,26,1
91,32,0,0.0,0.0,0.0,0.0,0.20000000298023224,-111.46999999999998,0.02,0.4,32,0
92,33,3,0.0,0.0,0.0,0.0,0.20000000298023224,-84.13999999999999,0.02,0.4,33,2
93,30,1,0.0,0.0,0.0,0.0,0.20000000298023224,-109.29999999999998,0.02,0.4,30,1
94,29,1,0.0,0.0,0.0,0.0,0.20000000298023224,-91.09,0.02,0.4,29,0
95,22,1,0.0,0.0,0.0,0.0,0.20000000298023224,-92.12,0.02,0.4,22,0
96,18,2,0.0,0.0,0.0,0.0,0.20000000298023224,-89.32999999999998,0.02,0.4,18,1
97,9,0,0.0,0.0,0.0,0.0,0.20000000298023224,-100.09,0.02,0.4,9,0
98,29,2,0.0,0.0,0.0,0.0,0.20000000298023224,-99.84,0.02,0.4,29,1
99,30,1,0.0,0.0,0.0,0.0,0.20000000298023224,-99.65,0.02,0.4,30,1
100,42,3,0.0,0.0,0.0,0.0,0.20000000298023224,-70.72,0.02,0.4,42,0
101,17,0,0.0,0.0,0.0,0.0,0.20000000298023224,-100.16999999999999,0.02,0.4,17,0
102,15,1,0.0,0.0,0.0,0.0,0.20000000298023224,-91.24000000000001,0.02,0.4,15,1
103,24,1,0.0,0.0,0.0,0.0,0.20000000298023224,-99.84,0.02,0.4,24,1
104,20,2,0.0,0.0,0.0,0.0,0.20000000298023224,-83.46,0.02,0.4,20,1
105,18,1,0.0,0.0,0.0,0.0,0.20000000298023224,-99.33,0.02,0.4,18,1
106,14,1,0.0,0.0,0.0,0.0,0.20000000298023224,-99.13999999999999,0.02,0.4,14,1
107,27,1,0.0,0.0,0.0,0.0,0.20000000298023224,-100.32,0.02,0.4,27,1
108,21,2,0.0,0.0,0.0,0.0,0.20000000298023224,-81.9,0.02,0.4,21,1
109,15,0,0.0,0.0,0.0,0.0,0.20000000298023224,-100.14999999999999,0.02,0.4,15,0
110,24,1,0.0,0.0,0.0,0.0,0.20000000298023224,-91.41,0.02,0.4,24,1
111,30,4,0.0,0.0,0.0,0.0,0.20000000298023224,-79.30000000000001,0.02,0.4,30,1
112,9,0,0.0,0.0,0.0,0.0,0.20000000298023224,-100.09,0.02,0.4,9,0
113,23,0,0.0,0.0,0.0,0.0,0.20000000298023224,-111.92999999999999,0.02,0.4,23,0
114,12,0,0.0,0.0,0.0,0.0,0.20000000298023224,-100.11999999999998,0.02,0.4,12,0
115,34,3,0.0,0.0,0.0,0.0,0.20000000298023224,-100.48999999999998,0.02,0.4,34,1
116,33,2,157.3163185119629,160.08527755737305,0.0,0.045063475728966296,0.19976012408733368,-95.07999999999998,0.02,0.4004,33,3
117,39,2,239.77472354204227,242.20724409054486,0.0,0.5703542350958555,0.19741863012313843,-80.69,0.02,0.40429999999999955,39,0
118,27,2,266.1363932291667,267.45635195131655,0.0,1.681516757717839,0.1958264708518982,-101.66999999999999,0.02,0.40699999999999925,27,1
119,69,7,206.94936945818472,207.30269368489584,0.0,4.390101584835329,0.1920875757932663,-79.59,0.02,0.4138999999999985,69,1
120,32,3,163.86583375930786,163.6905858516693,0.0,6.588661342859268,0.19057254493236542,-91.78999999999999,0.02,0.41709999999999814,32,1
121,18,3,157.74668206108942,157.2803200615777,0.0,6.917902072270711,0.1897519826889038,-89.78999999999999,0.02,0.41889999999999794,18,1
122,51,7,141.035815968233,141.03852200975606,0.0,7.14481362174539,0.18753696978092194,-60.46,0.02,0.4239999999999974,51,1
123,29,3,137.46945032580146,137.47970265355605,0.0,7.340244622066103,0.1863711178302765,-80.48999999999998,0.02,0.42689999999999706,29,1
124,135,15,133.3090326944987,134.01890077944154,0.0,8.731837085441306,0.18158568441867828,26.46999999999995,0.02,0.4403999999999956,135,1
125,63,7,118.80965508355035,119.4507342141772,0.0,9.862994738987513,0.17974138259887695,-58.05,0.02,0.4466999999999949,63,1
126,134,12,98.8305321024425,99.3397333799903,0.0,10.755790824320778,0.1764880269765854,-67.3,0.02,0.4600999999999934,134,2
127,162,21,76.73245366414388,77.01855934990778,0.0,11.453415399716224,0.17329153418540955,71.15,0.02,0.4762999999999916,162,1
128,232,22,65.4503868941603,65.6345012516811,0.0,12.068808452836398,0.16942624747753143,8.780000000000122,0.02,0.49949999999998906,232,1
129,22,1,54.621252580122515,55.052501851862125,0.0,12.660223744132303,0.16911739110946655,-111.22,0.02,0.5016999999999888,22,1
130,108,12,52.69938949302391,52.92571226755778,0.0,12.303625839727896,0.16766540706157684,-29.35000000000003,0.02,0.5124999999999876,108,1
131,219,13,50.002037048339844,50.09202769902199,0.0,12.34752424231403,0.165550097823143,-14.890000000000029,0.02,0.5343999999999852,219,1
132,207,13,43.51494669338355,43.61334026723668,0.0,12.71108204846221,0.16406172513961792,-32.500000000000064,0.02,0.5550999999999829,207,1
133,290,18,38.71269293160274,38.630715837149786,0.0,12.693988392270844,0.16035500168800354,27.929999999999914,0.02,0.5840999999999797,290,2
134,126,8,36.22336343734983,36.073533587985565,0.0,12.379968976217603,0.1579640656709671,-76.1,0.02,0.5966999999999784,126,2
135,198,17,33.335447359566736,33.18228544851746,0.0,12.589590115980668,0.15389597415924072,145.44999999999993,0.02,0.6164999999999762,198,1
136,314,17,29.257354356680707,29.122477783518992,0.0,12.114897855527841,0.14673073589801788,117.32999999999961,0.02,0.6478999999999727,314,2
137,88,3,27.851344184442,27.717898975719105,0.0,11.87804854999889,0.14489439129829407,-100.32,0.02,0.6566999999999718,88,1
138,266,20,26.63853815982216,26.556301579439552,0.0,11.676552657794236,0.1392935812473297,165.0499999999994,0.02,0.6832999999999688,266,1
139,70,3,24.835474409375873,24.7834554536002,0.0,11.716462775639124,0.13760517537593842,-105.6,0.02,0.690299999999968,70,1
140,117,7,25.290688196818035,25.1787173116309,0.0,11.481397889618181,0.13461236655712128,-73.62999999999998,0.02,0.7019999999999668,117,2
141,264,19,22.65851783210581,22.592795061342645,0.0,11.36093948465405,0.12817852199077606,128.9599999999997,0.02,0.7283999999999639,264,1
142,227,14,21.541108112503252,21.528851496490613,0.0,11.239717515029572,0.12288280576467514,-8.569999999999837,0.02,0.7510999999999614,227,1
143,266,16,19.218154572006455,19.176590186312684,0.0,11.29714883001227,0.11664583534002304,144.4499999999996,0.02,0.7776999999999584,266,1
144,231,16,17.675774627949767,17.629738475337174,0.0,11.189760701480882,0.11146091669797897,133.94999999999976,0.02,0.8007999999999559,231,2
145,246,18,16.168633994048204,16.232378707668644,0.0,10.716073047824022,0.10635956376791,3.7900000000000844,0.02,0.8253999999999532,246,2
146,75,3,15.371048730214437,15.401250896453858,0.0,10.565472189585368,0.10506067425012589,-105.69999999999999,0.02,0.8328999999999523,75,1
147,294,15,14.69961016843108,14.80041843206704,0.0,10.714271519459835,0.09921462088823318,8.499999999999964,0.02,0.8622999999999491,294,1
148,48,4,13.503044138352076,13.629604826370874,0.0,10.496403833230337,0.09833396971225739,-103.42999999999999,0.02,0.8670999999999486,48,1
149,223,13,12.619670920307861,12.71217935609176,0.0,10.560759655563286,0.0941232368350029,1.3299999999998988,0.02,0.8893999999999461,223,1
150,78,6,11.31799271167853,11.451814526166672,0.0,10.52294957332122,0.09249208867549896,-88.57999999999998,0.02,0.8971999999999453,78,1
151,311,19,11.69455670122165,11.839508847025046,0.0,10.464592703669018,0.08674861490726471,137.20999999999958,0.02,0.9282999999999418,311,1
152,314,17,10.609684259268889,10.6985653745141,0.0,10.52065902454838,0.08166971057653427,130.72999999999956,0.02,0.9596999999999384,314,2
153,196,14,9.441120983994736,9.564383563946704,0.0,10.560754347820671,0.07862800359725952,94.89000000000001,0.02,0.9792999999999362,196,2
154,207,19,9.044110980010839,9.160175101192676,0.0,10.263829906205624,0.07571478188037872,73.62999999999974,0.02,0.9999999999999339,207,0
155,41,2,8.790424469040662,8.990814054884561,0.0,10.665863990783691,0.07518655806779861,-111.06,0.02,1.0,41,1
156,251,17,8.386847434290852,8.55980110548407,0.0,10.419532760680909,0.0718226283788681,125.47999999999976,0.02,1.0,251,1
157,159,16,8.17360752483584,8.32608650765329,0.0,10.575809190858084,0.07014259696006775,24.920000000000016,0.02,1.0,159,1
158,252,17,8.079979332666548,8.194596736204057,0.0,10.600432426210434,0.06686277687549591,134.52999999999963,0.02,1.0,252,1
159,194,13,8.013840949412474,8.128016323158421,0.0,10.63909434043255,0.06438960880041122,-4.320000000000078,0.02,1.0,194,1
160,199,14,7.997952250979054,8.132623824641932,0.0,10.412415178576905,0.06158522889018059,-11.109999999999943,0.02,1.0,199,1
161,168,11,8.812373851736387,8.914884756008783,0.0,10.584423587435769,0.05950719118118286,-33.26000000000006,0.02,1.0,168,1
162,54,1,8.192179401715597,8.29480078043761,0.0,10.61716169781155,0.058976542204618454,-95.13999999999999,0.02,1.0,54,1
163,58,5,9.128469450720425,9.290072704183645,0.0,10.593841560955706,0.05832448974251747,-78.93,0.02,1.0,58,1
164,222,20,8.210766281093562,8.322150682006871,0.0,10.714567422866821,0.05578969419002533,172.62999999999985,0.02,1.0,222,2
165,309,16,7.8019347557357985,7.905052472086786,0.0,10.605929169454235,0.05196329206228256,48.95999999999951,0.02,1.0,309,3
166,246,12,8.18084332468064,8.33310512507834,0.0,10.558486229035912,0.049486443400382996,-1.6500000000000696,0.02,1.0,246,2
167,102,6,7.297375622917624,7.409846243905086,0.0,10.256183236253028,0.048533547669649124,-60.420000000000016,0.02,1.0,102,1
168,298,14,7.747740105094525,7.847989418762642,0.0,10.473986884891588,0.0462784506380558,5.039999999999793,0.02,1.0,298,1
169,185,13,7.592719200495127,7.694170458252366,0.0,10.463130724107897,0.04508927837014198,9.69999999999979,0.02,1.0,185,1
170,201,17,7.467633648298273,7.593377324479136,0.0,10.573558219036652,0.04381149634718895,133.30999999999992,0.02,1.0,201,1
171,254,14,7.767268964155453,7.900983966710999,0.0,10.464898524321908,0.04288642480969429,106.18999999999986,0.02,1.0,254,1
172,156,13,7.331040962384297,7.427784225879571,0.0,10.535949453329428,0.041893161833286285,25.58999999999984,0.02,1.0,156,1
173,172,13,7.825547826844592,7.947788270406945,0.0,10.668570779090704,0.04069293290376663,16.309999999999768,0.02,1.0,172,2
174,225,16,7.763825716442532,7.910725050502354,0.0,10.56288578245375,0.03934592381119728,46.04999999999978,0.02,1.0,225,1
175,24,1,7.462181210517883,7.50346318880717,0.0,10.811702847480774,0.039146073162555695,-99.24,0.02,1.0,24,1
176,26,1,8.166856545668383,8.34123550928556,0.0,10.34158680989192,0.03891625255346298,-108.65999999999998,0.02,1.0,26,0
177,265,12,7.867450975921919,8.01578149705563,0.0,10.503252677197727,0.03756754472851753,13.409999999999869,0.02,1.0,265,2
178,303,17,7.937341199456268,8.041120523273355,0.0,10.53104583186285,0.03604046627879143,166.73999999999958,0.02,1.0,303,1
179,248,19,7.340572558583752,7.465870081897704,0.0,10.365399439488687,0.034920584410429,136.98999999999972,0.02,1.0,248,2
180,290,15,7.763545591255714,7.840481522165496,0.0,10.109274091391727,0.03339981287717819,-1.9100000000001103,0.02,1.0,290,1
181,87,6,7.194738320920659,7.316986455999571,0.0,9.864247837285886,0.0332537516951561,-67.92999999999999,0.02,1.0,87,1
182,297,16,7.60043796264764,7.710191510341786,0.0,9.78510746490273,0.03244837000966072,37.57999999999969,0.02,1.0,297,2
183,60,2,7.218849992752075,7.345290021101634,0.0,9.778340522448222,0.032371409237384796,-102.1,0.02,1.0,60,1
184,332,18,7.74150817060327,7.834648360150406,0.0,9.601841824600495,0.03184281662106514,69.4600000000001,0.02,1.0,332,2
185,72,6,7.743114984697765,7.904771056440142,0.0,9.767404437065125,0.031693410128355026,-74.66999999999996,0.02,1.0,72,1
186,27,0,7.6825399045591,7.847935129095007,0.0,9.19356593379268,0.031635407358407974,-108.76999999999998,0.02,1.0,27,0
187,63,0,6.788769317051721,6.848541445202297,0.0,9.566951956067767,0.031432341784238815,-107.47999999999999,0.02,1.0,63,0
188,124,9,7.509120246095042,7.608900673927799,0.0,9.702035357875209,0.03118688426911831,-37.93999999999999,0.02,1.0,124,1
189,174,14,7.765934358725603,7.905782565303232,0.0,9.432539202701086,0.030499106273055077,2.569999999999908,0.02,1.0,174,2
190,168,7,7.963945645661581,8.03040583218847,0.0,9.651592257476988,0.03008914552628994,-52.37000000000003,0.02,1.0,168,1
191,170,12,7.016749519460341,7.153767528954674,0.0,9.497530816583073,0.02968008816242218,25.94999999999991,0.02,1.0,170,0
192,45,2,7.2366020096672905,7.270470507939657,0.0,9.341578610738118,0.029643680900335312,-109.14999999999999,0.02,1.0,45,1
193,297,16,6.89107103500302,7.023166590266758,0.0,9.570074556652544,0.029350437223911285,25.54999999999979,0.02,1.0,297,2
194,257,16,6.964409369439003,7.094600415879187,0.0,9.365716561269204,0.028852684423327446,13.959999999999837,0.02,1.0,257,1
195,322,22,7.404644437828419,7.526020389536153,0.0,9.488922561917986,0.02821170911192894,202.79000000000002,0.02,1.0,322,1
196,318,21,7.439844242806704,7.560668805860123,0.0,9.560141094075808,0.027274923399090767,79.28,0.02,1.0,318,1
197,40,4,7.57468410730362,7.765747547149658,0.0,9.544826459884643,0.02718573436141014,-60.400000000000006,0.02,1.0,40,0
198,187,10,6.949554424872373,7.124117278160258,0.0,9.490481784636962,0.02679830975830555,-24.299999999999912,0.02,1.0,187,2
199,120,10,7.005491006871065,7.128091883162657,0.0,9.464078938961029,0.02670309506356716,-21.310000000000002,0.02,1.0,120,1
200,173,11,7.128061335210855,7.223646039907643,0.0,9.289738351899075,0.026697389781475067,-33.65999999999995,0.02,1.0,173,1
201,258,15,7.1971622303474785,7.355530947677849,0.0,9.277600996254026,0.026713283732533455,42.3699999999998,0.02,1.0,258,1
202,215,18,6.957245610481085,7.083838478631751,0.0,9.368800422757172,0.02667931467294693,27.70999999999978,0.02,1.0,215,1
203,261,16,6.795606224016211,6.91116930424482,0.0,9.138993106125872,0.02665030024945736,36.50999999999983,0.02,1.0,261,1
204,296,22,7.349092717106278,7.482144085539354,0.0,9.243764925647426,0.02692674659192562,182.5700000000001,0.02,1.0,296,1
205,209,14,6.927262383214595,7.050905144385744,0.0,9.276006465893612,0.026933936402201653,-8.82000000000015,0.02,1.0,209,1
206,136,8,7.354198003078208,7.4754151649334855,0.0,9.25288206689498,0.026855625212192535,-30.379999999999946,0.02,1.0,136,1
207,297,17,6.942872620993592,7.077153231559779,0.0,9.117589501018074,0.027199530974030495,56.719999999999665,0.02,1.0,297,1
208,46,2,6.717636686304341,6.755725495193316,0.0,9.093748382900072,0.0271746963262558,-91.76000000000002,0.02,1.0,46,0
209,236,14,7.058633448208793,7.1554457944328504,0.0,9.056433004848028,0.02659822255373001,1.419999999999959,0.02,1.0,236,1
210,203,14,7.196339254308804,7.319185446635843,0.0,9.17077423199057,0.02665643021464348,8.33999999999996,0.02,1.0,203,1
211,127,5,6.769779750681299,6.851448813761313,0.0,8.93297783408578,0.02636948972940445,-72.00999999999999,0.02,1.0,127,1
212,52,3,6.563137460213441,6.626269952608989,0.0,8.80147231542147,0.026150761172175407,-103.32,0.02,1.0,52,1
213,204,17,6.6618060481314565,6.728217189802843,0.0,9.103277774418101,0.02568698488175869,134.22999999999968,0.02,1.0,204,1
214,239,19,6.828156557043227,6.9527067759047,0.0,9.14944408727989,0.02491009421646595,150.24999999999986,0.02,1.0,239,2
215,66,2,6.723372087334141,6.845946698477774,0.0,9.500979365724506,0.024717213585972786,-95.81,0.02,1.0,66,1
216,40,0,6.60844339132309,6.707931083440781,0.0,9.40229641199112,0.02450200542807579,-104.14999999999998,0.02,1.0,40,0
217,231,17,6.8970925647975045,7.0153064645214,0.0,9.216479819574397,0.023791160434484482,139.6599999999998,0.02,1.0,231,1
218,123,10,6.696138223981469,6.816011731217547,0.0,9.133464863629845,0.023502958938479424,-13.52999999999993,0.02,1.0,123,0
219,312,19,6.885037364485936,6.9767638104848375,0.0,9.244977414608002,0.022887498140335083,73.56999999999974,0.02,1.0,312,2
220,177,12,6.769038968840562,6.8952988924953225,0.0,9.265457379615913,0.022451402619481087,5.2800000000000225,0.02,1.0,177,1
221,316,13,6.770483729960043,6.875818134485921,0.0,9.295633919631378,0.022168325260281563,-16.81000000000048,0.02,1.0,316,1
222,242,14,6.804656598439887,6.92572503395317,0.0,9.256223662825656,0.02196272276341915,5.070000000000036,0.02,1.0,242,1
223,181,10,6.66331581318576,6.736954464438212,0.0,9.051630238801735,0.021812058985233307,-51.27999999999998,0.02,1.0,181,2
224,298,17,6.831671374356187,6.965651887375237,0.0,9.379672647322584,0.021528329700231552,152.93999999999951,0.02,1.0,298,1
225,270,17,6.585854611573396,6.715130050094039,0.0,9.188955024436668,0.02164619043469429,59.64999999999963,0.02,1.0,270,1
226,140,10,6.260824075766972,6.392765693153653,0.0,9.328471837724958,0.021805599331855774,5.20000000000006,0.02,1.0,140,0
227,280,16,6.57895765964474,6.712007793784141,0.0,9.374188194956098,0.021855389699339867,131.08999999999963,0.02,1.0,280,2
228,201,20,6.59538237372441,6.74165102913605,0.0,9.527151762549558,0.021838799118995667,174.8399999999998,0.02,1.0,201,0
229,306,17,6.348778334318423,6.4730353078811,0.0,9.194466042362787,0.021989481523633003,152.6399999999998,0.02,1.0,306,2
230,107,5,6.095438549451739,6.180571987250141,0.0,9.36242645031938,0.022074682638049126,-67.9,0.02,1.0,107,1
231,311,20,6.380610782233848,6.4668820003987895,0.0,9.229734799486264,0.021911324933171272,184.9799999999998,0.02,1.0,311,1
232,42,1,6.74413694086529,6.86645587853023,0.0,9.21122297786531,0.021821748465299606,-101.26999999999998,0.02,1.0,42,0
233,177,11,6.523363165936227,6.619380882230856,0.0,9.246683276979264,0.021560028195381165,-10.580000000000013,0.02,1.0,177,1
234,267,9,6.317442555329326,6.421959352627229,0.0,9.10225012775664,0.021586932241916656,-4.230000000000032,0.02,1.0,267,1
235,245,17,6.245768540732715,6.33505073907424,0.0,8.928965953904756,0.02190225198864937,129.4199999999998,0.02,1.0,245,2
236,331,16,6.243323968616497,6.3409568838482535,0.0,9.169455297763974,0.02240326814353466,140.75999999999954,0.02,1.0,331,2
237,240,15,6.442808381219705,6.523101944228014,0.0,8.939526102940242,0.023093733936548233,22.369999999999678,0.02,1.0,240,1
238,305,17,6.711972072867097,6.808216044160186,0.0,8.96598834991455,0.024096345528960228,151.4599999999996,0.02,1.0,305,1
239,325,16,6.465146701152508,6.54898501762977,0.0,8.795421876173753,0.025644315406680107,142.1099999999997,0.02,1.0,325,3
240,288,14,6.374006605810589,6.484230789666374,0.0,8.765218368834919,0.02622874267399311,120.9999999999996,0.02,1.0,288,2
241,379,20,6.374393212763804,6.469149862870692,0.0,8.746109254127441,0.028029849752783775,197.4800000000001,0.02,1.0,379,1
242,264,17,6.26337913220579,6.363706970756704,0.0,8.750824236508572,0.028895124793052673,52.50999999999948,0.02,1.0,264,1
243,262,12,5.941759928719688,5.983492413094935,0.0,8.461285736724621,0.028923336416482925,2.109999999999765,0.02,1.0,262,2
244,310,14,6.141384879619845,6.187058122696415,0.0,8.62109512975139,0.029502201825380325,131.49999999999963,0.02,1.0,310,2
245,257,19,6.178476081284104,6.284904935480555,0.0,8.590500323225088,0.03020029328763485,166.59999999999977,0.02,1.0,257,1
246,348,17,6.2354590245361985,6.305448656452113,0.0,8.499573593852164,0.030828727409243584,158.2499999999995,0.02,1.0,348,2
247,282,16,6.0646999989841,6.14026185891307,0.0,8.27628451712588,0.03158336132764816,40.179999999999474,0.02,1.0,282,1
248,282,17,6.288292604558011,6.357418904067777,0.0,8.213941197023324,0.03193407878279686,59.47999999999971,0.02,1.0,282,1
249,62,2,6.452238808716497,6.543874928066807,0.0,8.03630405856717,0.03209342807531357,-83.07,0.02,1.0,62,1
250,123,12,5.7864697803326735,5.952753692138486,0.0,8.225412271856293,0.03203057125210762,-23.179999999999993,0.02,1.0,123,1
251,401,22,6.137217733925418,6.2137412691948715,0.0,8.162309228036172,0.03265441954135895,201.2700000000003,0.02,1.0,401,3
252,48,1,6.0000874896844225,6.133404483397801,0.0,8.15421587228775,0.03266317769885063,-108.32999999999998,0.02,1.0,48,1
253,322,22,6.089854813140372,6.183491009362736,0.0,8.167771666686727,0.03344660624861717,178.71000000000012,0.02,1.0,322,2
254,192,17,5.844609102544685,5.926838433990876,0.0,8.175426666935286,0.03350556269288063,136.07999999999976,0.02,1.0,192,1
255,246,13,6.013380528465519,6.105068218901875,0.0,8.110810155790995,0.033953361213207245,20.88999999999983,0.02,1.0,246,1
256,335,19,5.857498307726276,5.931013336288395,0.0,7.9945567814271845,0.034425705671310425,23.639999999999873,0.02,1.0,335,4
257,252,19,6.316684636804792,6.4429646616890315,0.0,7.887653710350158,0.0345015786588192,170.25999999999948,0.02,1.0,252,1
258,288,18,6.002712961907188,6.1052006756265955,0.0,7.834353630741437,0.03571608290076256,55.20999999999959,0.02,1.0,288,2
259,268,19,5.750374705933813,5.812047487319405,0.0,7.657381986504171,0.03620274364948273,171.08999999999992,0.02,1.0,268,1
260,242,17,5.958355073101265,6.035558673837953,0.0,7.577514774543195,0.035893168300390244,129.29999999999998,0.02,1.0,242,1
261,326,19,5.834289396467384,5.936614805935351,0.0,7.5514966739467315,0.036489423364400864,143.63999999999947,0.02,1.0,326,1
262,311,17,5.857843799989706,5.947402430117322,0.0,7.563847000575909,0.037774838507175446,133.57999999999961,0.02,1.0,311,2
263,252,17,5.888852707450352,5.971406371347488,0.0,7.380193791692219,0.038152989000082016,143.24999999999966,0.02,1.0,252,1
264,93,2,6.057687878608704,6.083297885874266,0.0,7.24881342405914,0.038025788962841034,-94.07999999999998,0.02,1.0,93,1
265,257,20,6.261976991877946,6.35647390185627,0.0,7.194169367333794,0.03788949176669121,163.5299999999997,0.02,1.0,257,2
266,280,19,5.796504318288394,5.886071818215506,0.0,7.259706740719931,0.03725573420524597,162.61999999999975,0.02,1.0,280,1
267,254,16,5.876617429763313,5.948437881751324,0.0,7.080286694323923,0.037283796817064285,123.41999999999982,0.02,1.0,254,1
268,195,13,5.764662815974309,5.823810288844965,0.0,6.958945144751133,0.03734840452671051,15.999999999999908,0.02,1.0,195,1
269,270,17,5.743763151875249,5.824386198873873,0.0,7.015572373072306,0.0385461300611496,67.8299999999999,0.02,1.0,270,1
270,327,14,5.679773389381736,5.73931434030562,0.0,6.9410922177341,0.038803208619356155,37.999999999999424,0.02,1.0,327,1
271,259,16,5.661538954407092,5.735983936943143,0.0,6.8732245272190875,0.0389542356133461,154.4099999999996,0.02,1.0,259,1
272,255,15,5.930309246568119,6.001738717041763,0.0,6.840674727570777,0.03965901583433151,48.09999999999952,0.02,1.0,255,1
273,370,20,5.683156511590288,5.716317646890073,0.0,6.762299596941149,0.04052681475877762,199.29000000000016,0.02,1.0,370,1
274,184,17,5.678210567521012,5.743921218682891,0.0,6.721248572287352,0.04038884863257408,139.2599999999999,0.02,1.0,184,0
275,327,20,5.846089865818665,5.912861072506744,0.0,6.631283939431567,0.04038615524768829,176.11000000000016,0.02,1.0,327,1
276,249,15,5.5935073466186065,5.677162551018129,0.0,6.577279190461798,0.04108460620045662,31.439999999999785,0.02,1.0,249,3
277,216,14,5.967259657603723,6.0444189448047565,0.0,6.613081168245386,0.04092495143413544,-23.339999999999897,0.02,1.0,216,2
278,141,9,6.265823064120949,6.359513252339465,0.0,6.615584791129362,0.04023454338312149,-23.63999999999999,0.02,1.0,141,2
279,144,13,5.715912746886413,5.800846581657727,0.0,6.438454714086321,0.04044434428215027,23.809999999999853,0.02,1.0,144,1
280,164,17,5.693956007317799,5.787676966771847,0.0,6.520571385941854,0.04060257971286774,161.78999999999976,0.02,1.0,164,1
281,203,11,5.653158967424496,5.746510325981478,0.0,6.344842102727279,0.04046643152832985,-8.439999999999998,0.02,1.0,203,2
282,333,16,5.951588672560614,6.03576896856497,0.0,6.361406392163342,0.04062234237790108,52.42999999999928,0.02,1.0,333,2
283,334,15,5.598648479598725,5.690229172121265,0.0,6.345775217353227,0.04071846231818199,46.09999999999969,0.02,1.0,334,2
284,247,19,5.3873655216896585,5.474317063686819,2.2300992897726637,6.194645341108685,0.041292332112789154,149.8199999999997,0.02,1.0,247,1
285,278,17,5.905580358325149,6.000632111438744,0.07497303416322676,6.134584778504406,0.04177152365446091,160.5499999999996,0.02,1.0,278,2
286,319,20,5.65739683447213,5.701409406235973,0.05656770182639174,5.974144652345712,0.040873933583498,175.62999999999977,0.02,1.0,319,1
287,325,17,5.7735092329978945,5.825713392771207,0.05043136839396679,5.907280983558068,0.03980131074786186,155.5599999999997,0.02,1.0,325,1
288,300,12,5.617548815011978,5.7369279396533965,0.04107948885920147,5.788058338165283,0.03916773572564125,16.659999999999506,0.02,1.0,300,1
289,182,14,5.636641047158084,5.674681742112715,0.038371351086995104,5.755323437544016,0.03878674656152725,21.709999999999845,0.02,1.0,182,1
290,170,10,5.992445680674384,6.051885293511783,0.03473708509905812,5.79505252978381,0.038114212453365326,-58.30999999999992,0.02,1.0,170,1
291,225,22,5.828328607877095,5.866640753746033,0.03239904097798798,5.493899411095513,0.03733967989683151,189.5800000000003,0.02,1.0,225,1
292,312,20,5.904944425974136,5.967972460465553,0.02874168137518259,5.569211252224751,0.036190591752529144,183.9399999999997,0.02,1.0,312,1
293,120,5,5.329964808622996,5.28910214304924,0.026505707817462584,5.349191081523895,0.03630295395851135,-73.55000000000001,0.02,1.0,120,1
294,159,10,5.666512093454037,5.72643473763136,0.026032366980242094,5.384390771014136,0.036274489015340805,-27.93999999999999,0.02,1.0,159,1
295,342,20,5.497027863710247,5.54100770734207,0.02498544323426938,5.3427084049983335,0.03563281148672104,77.45000000000039,0.02,1.0,342,2
296,298,20,5.568543968184683,5.632239811772468,0.022581444998528034,5.260371909045533,0.03504853695631027,189.24000000000012,0.02,1.0,298,1
297,262,22,5.763083040486765,5.745303348275542,0.0186145645530738,5.300926122956604,0.034514933824539185,202.7000000000002,0.02,1.0,262,1
298,51,5,5.9734458455852435,5.985934227120643,0.016929466163228248,5.263970767750459,0.03438786417245865,-55.81000000000001,0.02,1.0,51,0
299,155,17,5.423051394954804,5.421533402319877,0.017117254414986217,5.2163531349551295,0.03333670273423195,148.2299999999998,0.02,1.0,155,2
300,326,17,5.47424024270356,5.535927707432238,0.016512491155352922,5.084266035103359,0.031992435455322266,151.92999999999938,0.02,1.0,326,1
301,287,17,5.495830748554721,5.541370351763137,0.014844094423369508,5.085460824833515,0.031377747654914856,146.21999999999935,0.02,1.0,287,1
302,211,14,5.2731598858584725,5.297772318266015,0.01348107962254479,4.929197627786212,0.030705688521265984,103.71000000000015,0.02,1.0,211,1
303,338,20,5.350269443713701,5.441930701923088,0.01173846787027739,4.785539040198693,0.03051968477666378,188.36000000000024,0.02,1.0,338,2
304,344,20,5.048775000454381,5.116216318205345,0.011658463210509116,4.66736175847608,0.031061341986060143,186.7699999999997,0.02,1.0,344,1
305,340,22,4.913770038240096,4.943449931635576,0.010137056063360754,4.504695662330179,0.03064013458788395,197.1400000000002,0.02,1.0,340,2
306,364,22,4.889741290074128,4.925286263882459,0.00894598355583954,4.313541500450491,0.029703505337238312,176.5,0.02,1.0,364,1
307,275,17,4.8314426706054,4.860941265929829,0.007380423035409132,4.177440491156145,0.02907983958721161,141.69999999999953,0.02,1.0,275,2
308,198,19,4.6807375381691285,4.710818983990737,0.00765407302403926,3.872717198699412,0.028756970539689064,160.21999999999963,0.02,1.0,198,1
309,105,7,4.774868045534406,4.783673938115438,0.007201419622426675,3.8287188972745625,0.02858106605708599,-37.64999999999999,0.02,1.0,105,1
310,271,17,4.54742306932752,4.612837857645816,0.006515521275195744,3.777382906072694,0.027582507580518723,161.39999999999955,0.02,1.0,271,1
311,54,2,4.25878937597628,4.232828420621377,0.00818815915543517,3.800589172928422,0.027449162676930428,-96.33999999999997,0.02,1.0,54,1
312,303,17,4.324632510100261,4.325023511455397,0.008415346158546989,3.4967250027278864,0.026425952091813087,142.5699999999995,0.02,1.0,303,2
313,228,16,4.3549797385931015,4.397859775444918,0.007500216611987797,3.347617032235129,0.02585604228079319,37.28999999999973,0.02,1.0,228,1
314,162,19,4.3357855493639725,4.366449345777064,0.007771620780041292,3.2603680776593125,0.02548791468143463,172.3599999999998,0.02,1.0,162,1
315,191,14,4.623953139282646,4.634572249432509,0.007397330626790505,3.1180465489781963,0.025038331747055054,126.23999999999978,0.02,1.0,191,1
316,61,2,4.202996855876485,4.249544083094988,0.007647145291423944,3.062009500675514,0.024871790781617165,-91.85999999999999,0.02,1.0,61,1
317,96,5,4.5201432431737585,4.547549636413653,0.008113725092698587,2.7596812856694064,0.024754822254180908,-56.65999999999999,0.02,1.0,96,1
318,292,17,4.624363582632313,4.664231424054054,0.008076460013897254,2.7381069188656872,0.024362267926335335,134.34999999999994,0.02,1.0,292,2
319,247,14,4.669435110652012,4.6721792932946675,0.008030794281653894,2.6845697969318882,0.024386988952755928,127.54999999999984,0.02,1.0,247,2
320,225,17,4.739255394405789,4.755332712067498,0.007984345912571168,2.709494112332662,0.02396252751350403,140.25999999999962,0.02,1.0,225,2
321,243,15,4.741415566377679,4.787256537641517,0.007779590947909948,2.3899811527427333,0.023544086143374443,25.869999999999983,0.02,1.0,243,1
322,213,17,4.480009387916242,4.482351924611929,0.007567182886130023,2.260086767760241,0.0233613271266222,142.94999999999973,0.02,1.0,213,1
323,48,1,4.618657742937406,4.5350548128287,0.007697524206984478,2.4781916588544846,0.023523947224020958,-109.97999999999999,0.02,1.0,48,1
324,96,5,4.485944005350272,4.52992216249307,0.008093809950878494,2.3665415863506496,0.023739881813526154,-60.31999999999999,0.02,1.0,96,1
325,151,5,4.307876474020497,4.3319238807191915,0.00838818901953972,2.064346893881725,0.023955220356583595,-90.95000000000006,0.02,1.0,151,1
326,333,19,4.5531797151307805,4.565149234758841,0.00767156249794944,1.8449224075889803,0.02498101070523262,173.12999999999985,0.02,1.0,333,2
327,321,18,4.623768550213252,4.665867277023577,0.009534492074258806,1.7219825103455382,0.025376999750733376,73.79999999999939,0.02,1.0,321,2
328,51,2,4.470893785065296,4.535610907218036,0.006697318907005384,1.6171514099719477,0.025292031466960907,-94.41,0.02,1.0,51,1
329,204,14,4.516872404837141,4.534774458583663,0.007671657192130464,1.677198314661498,0.025683140382170677,96.02000000000007,0.02,1.0,204,2
330,412,22,4.322461589375167,4.35968305951762,0.008569796753380994,1.5015654000284113,0.026365460827946663,113.44000000000023,0.02,1.0,412,2
331,42,2,4.535886063462212,4.569418489933014,0.008855127211150136,1.2288303822278976,0.026328084990382195,-82.36999999999999,0.02,1.0,42,0
332,334,17,4.5803472635274876,4.5976156210471055,0.0078406625318907,1.137921851921637,0.02648959867656231,167.76999999999947,0.02,1.0,334,2
333,212,18,4.435655404374285,4.440654773194835,0.008152564079555648,1.0473228969593655,0.027099505066871643,32.00999999999959,0.02,1.0,212,1
334,203,19,4.3995814164871065,4.473796530016537,0.009340589679949664,0.8895973279324402,0.027319621294736862,160.69999999999976,0.02,1.0,203,3
335,260,16,4.415472057461739,4.450129947066307,0.008120205243624065,0.7430351976636582,0.028122378513216972,64.42999999999967,0.02,1.0,260,1
336,293,17,4.459464731273391,4.453677911807246,0.007985760679221379,0.5295809554365232,0.028146058320999146,142.38999999999965,0.02,1.0,293,1
337,66,2,4.422680179278056,4.456793557513844,0.007899310053537854,0.5599887881032897,0.028037000447511673,-91.71,0.02,1.0,66,1
338,312,17,4.525575012350694,4.541564381657502,0.008005513203571377,0.3451316840066097,0.02790740691125393,163.6999999999996,0.02,1.0,312,2
339,220,19,4.413995926217599,4.423886134678667,0.00785606154399416,0.3256341129335025,0.02827400341629982,184.27000000000007,0.02,1.0,220,1
340,263,20,4.4219243444870635,4.44965109081776,0.00850693741680509,0.31894394729070424,0.028829751536250114,173.71999999999986,0.02,1.0,263,2
341,246,20,4.377574145793915,4.408154538007286,0.00850321862070984,0.017023958614080903,0.02891949564218521,190.75000000000003,0.02,1.0,246,2
342,193,16,4.254587140108019,4.306542941325687,0.007180345049121905,-0.03542324515551792,0.029137780889868736,122.87999999999988,0.02,1.0,193,1
343,273,15,4.418036302367409,4.437700093010843,0.007571436646658818,-0.12724356697155878,0.029949158430099487,49.19999999999968,0.02,1.0,273,1
344,132,9,4.484779536498316,4.548763300884854,0.008769023193577375,-0.2823298582666074,0.02991696633398533,-36.93999999999994,0.02,1.0,132,1
345,405,18,4.39843663977988,4.442913998203513,0.007597090274722166,-0.3135277420811263,0.029930507764220238,82.74000000000018,0.02,1.0,405,1
346,190,12,4.2636941454912485,4.356124542888842,0.007842026780034709,-0.5201046379822257,0.030086569488048553,6.719999999999956,0.02,1.0,190,1
347,228,17,4.497475297696758,4.543520555423017,0.008462453398878049,-0.41276405335571453,0.02974388562142849,141.3399999999998,0.02,1.0,228,2
348,234,22,4.415746462905509,4.4614996910095215,0.007968975386645,-0.5845796085663267,0.029667863622307777,200.58000000000033,0.02,1.0,234,2
349,355,20,4.5158558333423775,4.55671303540888,0.007303634775199101,-0.7384265323471225,0.02990366518497467,182.88999999999973,0.02,1.0,355,1
350,235,16,4.4934886635618,4.505778143507369,0.008119082248502192,-0.7273672551828179,0.02985808625817299,146.15999999999977,0.02,1.0,235,2
351,202,11,4.3781993135367285,4.402026935379104,0.009070466614863144,-0.9949081563459949,0.029302408918738365,2.1200000000000756,0.02,1.0,202,2
352,322,17,4.353082790322926,4.377599248789853,0.008955775691331538,-1.003413167793697,0.028753550723195076,158.96999999999943,0.02,1.0,322,2
353,238,17,4.319334932485549,4.331868784267361,0.007412819287440341,-1.2464703463503168,0.028858153149485588,166.93999999999983,0.02,1.0,238,1
354,351,20,4.3625162168275935,4.376154940692108,0.009316150909634653,-1.3189228243589868,0.028398241847753525,200.07000000000014,0.02,1.0,351,2
355,226,12,4.280438129880787,4.306726733931398,0.010808878862845045,-1.312347151361719,0.027929339557886124,0.6599999999998403,0.02,1.0,226,1
356,221,16,4.235780198110175,4.290855861896842,0.00861438041251591,-1.5794318332863608,0.02776271477341652,148.7199999999996,0.02,1.0,221,1
357,256,16,4.360508449375629,4.428783933632076,0.008073385814668654,-1.5180266479583224,0.02790658362209797,104.67999999999995,0.02,1.0,256,1
358,222,13,4.39337709626636,4.406366507212321,0.0073403745762760505,-1.7651767255654474,0.028124893084168434,16.129999999999747,0.02,1.0,222,2
359,346,20,4.52668457293097,4.586867687330081,0.007143631389073898,-2.0372116209110085,0.027826575562357903,178.02999999999986,0.02,1.0,346,2
360,323,20,4.329416778988144,4.385489299939513,0.008266373790720198,-2.1869107479879766,0.02761302888393402,168.93999999999943,0.02,1.0,323,1
361,39,2,4.113717852494656,4.14137574342581,0.008117254581660606,-2.527350135720693,0.027525315061211586,-93.58999999999999,0.02,1.0,39,1
362,278,14,4.287727210161497,4.273003470125816,0.00735943138338927,-2.2359456247080574,0.027194207534193993,126.3999999999998,0.02,1.0,278,1
363,280,20,4.326128573502813,4.348758711346558,0.007562302072100075,-2.2290140236328755,0.026743795722723007,174.0099999999998,0.02,1.0,280,1
364,42,0,3.863597211383638,3.8482076483113423,0.007406728422557492,-2.4847375509284793,0.026735570281744003,-113.47,0.02,1.0,42,0
365,204,13,4.310039901850271,4.317244837973632,0.007710032148215938,-2.6072058554957893,0.02617490105330944,-14.459999999999965,0.02,1.0,204,2
366,332,20,4.180788035134235,4.178473753742425,0.008074904397618817,-2.664920388350645,0.025770798325538635,177.4400000000001,0.02,1.0,332,1
367,367,20,4.263093243502791,4.294225335121155,0.007658734962842821,-2.7924382187278907,0.025761030614376068,183.96000000000004,0.02,1.0,367,2
368,271,17,4.126771793154333,4.180533186535993,0.006801510844001636,-2.885226104824333,0.02557074837386608,159.90999999999957,0.02,1.0,271,1
369,256,19,3.924014156218618,3.935058533679694,0.007095713584476471,-3.241216171416454,0.025200992822647095,59.539999999999935,0.02,1.0,256,1
370,327,20,4.079177915320848,4.105189773285425,0.007585620785285847,-3.4222609529254635,0.02446528896689415,80.77999999999963,0.02,1.0,327,1
371,270,17,4.141751752076326,4.157999804284837,0.007565967513558766,-3.5989344738147877,0.024091197177767754,135.6999999999998,0.02,1.0,270,1
372,336,23,4.062922013480039,4.108176380928073,0.007673176647845789,-3.4696776459348344,0.023739632219076157,193.43000000000038,0.02,1.0,336,1
373,263,17,4.205408958201173,4.237537739848003,0.007667311861847276,-3.6308038375223544,0.023233501240611076,148.47999999999962,0.02,1.0,263,1
374,228,20,3.9882472672483376,4.023045356336393,0.006624535381617311,-3.8760396221227813,0.022825347259640694,162.67999999999967,0.02,1.0,228,1
375,289,14,3.949435759374427,3.99730946262815,0.006769834127789524,-3.9285530811272382,0.02230016700923443,135.77999999999952,0.02,1.0,289,1
376,156,7,4.149044735691486,4.1372166726833735,0.008458874004972108,-4.086966323928955,0.022290391847491264,-42.93999999999994,0.02,1.0,156,2
377,69,2,4.172082843987838,4.20643671180891,0.007182362058749963,-4.127916920012322,0.022221341729164124,-82.67999999999999,0.02,1.0,69,1
378,201,10,4.079884065324395,4.116872427475393,0.007281285705709765,-4.10589088332742,0.022324329242110252,-7.689999999999948,0.02,1.0,201,1
379,84,8,3.8540505227588473,3.889346718788147,0.008003545525882925,-4.2258954630011605,0.022279992699623108,-30.240000000000045,0.02,1.0,84,1
380,327,20,3.966285743662341,4.0227448834556325,0.007260994700179506,-4.44457995308284,0.02200452797114849,168.5799999999996,0.02,1.0,327,1
381,286,15,4.048752615918646,4.095207061696719,0.00776772179365666,-4.760370342047898,0.02223232202231884,19.149999999999878,0.02,1.0,286,2
382,195,16,3.952983006147238,4.031400164885398,0.007001260640577246,-4.678420332761911,0.022175388410687447,31.409999999999926,0.02,1.0,195,1
383,217,14,4.166087603239419,4.174898832899085,0.006985665298998356,-4.627849787611017,0.022084714844822884,124.16999999999982,0.02,1.0,217,1
384,209,17,3.966820628163917,3.981142974070955,0.007507882497198746,-4.802936037761743,0.022122647613286972,155.34999999999982,0.02,1.0,209,2
385,219,14,3.7853150408561915,3.854574115581164,0.007160517905379505,-5.164375946402005,0.02217496559023857,141.20999999999978,0.02,1.0,219,1
386,326,19,3.671041412587546,3.72763837608823,0.00716125415609521,-5.214149601620399,0.02192707732319832,158.1299999999993,0.02,1.0,326,1
387,51,5,4.220037888078129,4.229033093826444,0.007518677680077506,-5.268572699789908,0.021843034774065018,-68.46,0.02,1.0,51,1
388,142,14,3.873208097588848,3.917827871483816,0.006336461598115881,-5.333361172340285,0.021611645817756653,99.73000000000005,0.02,1.0,142,1
389,172,13,3.7633049980152484,3.8250875109156897,0.007070506667226911,-5.496398211911667,0.021642960608005524,-11.23999999999996,0.02,1.0,172,3
390,227,19,3.9126155339673754,3.9276488604524586,0.006821028327560134,-5.772871719057864,0.021821370348334312,155.07999999999973,0.02,1.0,227,0
391,276,17,4.117811270814011,4.156258206004682,0.007169439681118989,-5.78941324741944,0.02221701294183731,142.6999999999997,0.02,1.0,276,1
392,241,17,3.9868429431776784,4.028349239549201,0.007356162284548236,-5.849966885143296,0.02169015444815159,32.8299999999998,0.02,1.0,241,1
393,373,22,3.7477231380447305,3.806368372395595,0.007934975224651955,-6.001753724612116,0.021250834688544273,206.05999999999997,0.02,1.0,373,1
394,240,14,3.808764859785636,3.8626790545880794,0.007209822945393777,-6.154908642172813,0.02133907563984394,31.12999999999966,0.02,1.0,240,2
395,244,13,3.963683150586535,4.015169664484556,0.008121893144800465,-6.1722628523091805,0.021364523097872734,-18.629999999999995,0.02,1.0,244,2
396,318,16,3.8481593485335885,3.8924863083557515,0.006855691660399865,-6.261083206290719,0.021145276725292206,154.2799999999996,0.02,1.0,318,2
397,195,10,3.711779343164884,3.795674437131637,0.007573928180425308,-6.446687071139996,0.020737551152706146,-21.459999999999994,0.02,1.0,195,1
398,320,14,3.7907598124817015,3.8590019181370736,0.006727120445702894,-6.495091074705124,0.020351773127913475,8.629999999999526,0.02,1.0,320,1
399,392,22,3.7340323554009807,3.8256183818590883,0.006941284689451188,-6.501586261452461,0.01998390257358551,212.68000000000066,0.02,1.0,392,1
400,230,12,3.8062945609507355,3.8803745433040286,0.007022088102277611,-6.67164638871732,0.019769825041294098,1.009999999999991,0.02,1.0,230,2
